{
  "Ansi 5 Color" : {
    "Red Component" : 0.77571934461593628,
    "Color Space" : "sRGB",
    "Blue Component" : 0.77122122049331665,
    "Alpha Component" : 1,
    "Green Component" : 0.56606674194335938
  },
  "Tags" : [

  ],
  "Ansi 12 Color" : {
    "Red Component" : 0.78787916898727417,
    "Color Space" : "sRGB",
    "Blue Component" : 0.88648873567581177,
    "Alpha Component" : 1,
    "Green Component" : 0.79120534658432007
  },
  "Use Non-ASCII Font" : false,
  "Draw Powerline Glyphs" : false,
  "Bold Color" : {
    "Red Component" : 0.99999600648880005,
    "Color Space" : "sRGB",
    "Blue Component" : 1,
    "Alpha Component" : 1,
    "Green Component" : 1
  },
  "Right Option Key Sends" : 2,
  "Normal Font" : "MesloLGSDZ-RegularForPowerline 11",
  "Ansi 6 Color" : {
    "Red Component" : 0.54485237598419189,
    "Color Space" : "sRGB",
    "Blue Component" : 0.77128010988235474,
    "Alpha Component" : 1,
    "Green Component" : 0.76746273040771484
  },
  "Rows" : 25,
  "Default Bookmark" : "No",
  "Ansi 2 Color" : {
    "Red Component" : 0.54448527097702026,
    "Color Space" : "sRGB",
    "Blue Component" : 0.55150264501571655,
    "Alpha Component" : 1,
    "Green Component" : 0.76153510808944702
  },
  "Ansi 4 Color" : {
    "Red Component" : 0.55226105451583862,
    "Color Space" : "sRGB",
    "Blue Component" : 0.77153801918029785,
    "Alpha Component" : 1,
    "Green Component" : 0.56083369255065918
  },
  "Cursor Guide Color" : {
    "Red Component" : 0.70213186740875244,
    "Color Space" : "sRGB",
    "Blue Component" : 1,
    "Alpha Component" : 0.25,
    "Green Component" : 0.9268307089805603
  },
  "Non-ASCII Anti Aliased" : true,
  "Use Bright Bold" : true,
  "Ansi 10 Color" : {
    "Red Component" : 0.78490298986434937,
    "Color Space" : "sRGB",
    "Blue Component" : 0.78758722543716431,
    "Alpha Component" : 1,
    "Green Component" : 0.88143056631088257
  },
  "Ambiguous Double Width" : false,
  "Jobs to Ignore" : [
    "rlogin",
    "ssh",
    "slogin",
    "telnet"
  ],
  "Ansi 15 Color" : {
    "Red Component" : 1,
    "Color Space" : "sRGB",
    "Blue Component" : 0.99999994039535522,
    "Alpha Component" : 1,
    "Green Component" : 0.99999994039535522
  },
  "Foreground Color" : {
    "Red Component" : 0.87871068716049194,
    "Color Space" : "sRGB",
    "Blue Component" : 0.95958477258682251,
    "Alpha Component" : 1,
    "Green Component" : 0.92192083597183228
  },
  "Working Directory" : "\/Users\/garymann",
  "Blinking Cursor" : false,
  "Disable Window Resizing" : true,
  "Sync Title" : false,
  "Prompt Before Closing 2" : false,
  "BM Growl" : true,
  "Command" : "",
  "Description" : "Default",
  "Mouse Reporting" : true,
  "Screen" : -1,
  "Selection Color" : {
    "Red Component" : 0.75742977857589722,
    "Color Space" : "sRGB",
    "Blue Component" : 1,
    "Alpha Component" : 1,
    "Green Component" : 0.86945539712905884
  },
  "Only The Default BG Color Uses Transparency" : false,
  "Columns" : 80,
  "Idle Code" : 0,
  "Ansi 13 Color" : {
    "Red Component" : 0.88861733675003052,
    "Color Space" : "sRGB",
    "Blue Component" : 0.88632780313491821,
    "Alpha Component" : 1,
    "Green Component" : 0.79325872659683228
  },
  "Custom Command" : "No",
  "ASCII Anti Aliased" : true,
  "Non Ascii Font" : "Monaco 12",
  "Vertical Spacing" : 1,
  "Use Bold Font" : true,
  "Option Key Sends" : 0,
  "Selected Text Color" : {
    "Red Component" : 0,
    "Color Space" : "sRGB",
    "Blue Component" : 0,
    "Alpha Component" : 1,
    "Green Component" : 0
  },
  "Background Color" : {
    "Red Component" : 0.055703051388263702,
    "Color Space" : "sRGB",
    "Blue Component" : 0.19827637076377869,
    "Alpha Component" : 1,
    "Green Component" : 0.13162034749984741
  },
  "Character Encoding" : 4,
  "Ansi 11 Color" : {
    "Red Component" : 0.88607770204544067,
    "Color Space" : "sRGB",
    "Blue Component" : 0.78739923238754272,
    "Alpha Component" : 1,
    "Green Component" : 0.88321304321289062
  },
  "Use Italic Font" : true,
  "Unlimited Scrollback" : false,
  "Keyboard Map" : {

  },
  "Window Type" : 0,
  "Blur Radius" : 0.10000000000000001,
  "Cursor Boost" : 0,
  "Background Image Location" : "",
  "Blur" : true,
  "Badge Color" : {
    "Red Component" : 1,
    "Color Space" : "sRGB",
    "Blue Component" : 0,
    "Alpha Component" : 0.5,
    "Green Component" : 0.1491314172744751
  },
  "Scrollback Lines" : 1000,
  "Send Code When Idle" : false,
  "Close Sessions On End" : true,
  "Terminal Type" : "xterm-256color",
  "Visual Bell" : true,
  "Flashing Bell" : false,
  "Silence Bell" : false,
  "Ansi 14 Color" : {
    "Red Component" : 0.78504258394241333,
    "Color Space" : "sRGB",
    "Blue Component" : 0.88635772466659546,
    "Alpha Component" : 1,
    "Green Component" : 0.8844221830368042
  },
  "ASCII Ligatures" : false,
  "Name" : "Default",
  "Cursor Text Color" : {
    "Red Component" : 0.055703051388263702,
    "Color Space" : "sRGB",
    "Blue Component" : 0.19827637076377869,
    "Alpha Component" : 1,
    "Green Component" : 0.13162034749984741
  },
  "Minimum Contrast" : 0,
  "Shortcut" : "",
  "Cursor Color" : {
    "Red Component" : 0.87871068716049194,
    "Color Space" : "sRGB",
    "Blue Component" : 0.95958477258682251,
    "Alpha Component" : 1,
    "Green Component" : 0.92192083597183228
  },
  "Ansi 0 Color" : {
    "Red Component" : 0,
    "Color Space" : "sRGB",
    "Blue Component" : 0,
    "Alpha Component" : 1,
    "Green Component" : 0
  },
  "Guid" : "A40AE07F-D3E2-45C3-B4BA-634C6A096567",
  "Horizontal Spacing" : 1,
  "Link Color" : {
    "Red Component" : 0,
    "Color Space" : "sRGB",
    "Blue Component" : 0.73423302173614502,
    "Alpha Component" : 1,
    "Green Component" : 0.35916060209274292
  },
  "Tab Color" : {
    "Red Component" : 0,
    "Color Space" : "sRGB",
    "Blue Component" : 0,
    "Alpha Component" : 1,
    "Green Component" : 0
  },
  "Transparency" : 0,
  "Ansi 1 Color" : {
    "Red Component" : 0.77548664808273315,
    "Color Space" : "sRGB",
    "Blue Component" : 0.55141180753707886,
    "Alpha Component" : 1,
    "Green Component" : 0.55724024772644043
  },
  "Ansi 7 Color" : {
    "Red Component" : 0.87974286079406738,
    "Color Space" : "sRGB",
    "Blue Component" : 0.87974286079406738,
    "Alpha Component" : 1,
    "Green Component" : 0.87974280118942261
  },
  "Ansi 8 Color" : {
    "Red Component" : 0.585296630859375,
    "Color Space" : "sRGB",
    "Blue Component" : 0.585296630859375,
    "Alpha Component" : 1,
    "Green Component" : 0.585296630859375
  },
  "Ansi 9 Color" : {
    "Red Component" : 0.88849866390228271,
    "Color Space" : "sRGB",
    "Blue Component" : 0.78755229711532593,
    "Alpha Component" : 1,
    "Green Component" : 0.78980535268783569
  },
  "Ansi 3 Color" : {
    "Red Component" : 0.77072864770889282,
    "Color Space" : "sRGB",
    "Blue Component" : 0.55101394653320312,
    "Alpha Component" : 1,
    "Green Component" : 0.76507103443145752
  },
  "Custom Directory" : "No"
}